usa,china
0,1
0,1
0,1
1,1
1,1
1,1
2,1
2,1
2,1
2,1
2,1
2,1
2,1
3,1
3,1
3,1
3,1
3,2
3,2
3,2
3,2
3,2
3,2
3,2
3,2
3,2
3,2
4,2
4,2
4,2
5,2
5,3
5,3
5,3
5,3
5,4
5,4
5,4
5,4
5,4
6,4
6,4
6,5
6,5
6,6
6,6
6,6
6,6
7,6
8,6
8,6
8,6
8,6
8,6
8,6
8,6
8,6
8,6
8,6
8,6
9,6
9,7
9,7
10,7
11,7
11,7
12,7
12,7
12,7
13,7
13,7
13,8
13,8
14,8
14,8
14,8
14,8
14,9
14,9
15,9
15,9
15,9
15,9
15,9
15,9
15,10
15,10
15,10
15,10
16,10
16,10
16,10
16,10
16,10
17,10
17,10
18,10
18,10
19,10
20,10
20,10
20,10
21,10
21,10
22,10
22,10
23,10
24,10
25,10
25,10
25,10
25,10
25,11
26,11
26,11
26,11
26,12
26,12
26,12
26,12
26,12
26,12
26,12
26,13
27,13
27,13
27,13
27,13
28,13
28,13
29,13
29,13
30,13
30,13
30,13
30,13
30,13
30,13
30,13
30,13
30,13
30,13
30,13
30,13
30,13
30,13
30,13
30,13
30,13
30,13
30,13
30,13
30,13
30,13
30,13
30,13
30,13
30,13
30,14
31,14
31,15
31,15
31,15
31,15
31,15
32,15
32,15
33,15
34,15
35,15
36,15
36,15
37,15
37,15
37,15
37,16
37,16
38,16
38,16
38,16
39,16
40,16
40,16
40,16
41,16
41,16
42,16
42,17
42,18
42,18
42,18
42,18
42,18
42,18
42,19
42,19
42,20
43,20
43,21
43,22
43,22
43,22
43,22
43,22
43,22
43,22
43,22
43,22
43,23
43,23
44,23
44,24
44,24
44,24
44,24
45,24
45,24
45,24
45,24
45,24
45,24
46,24
47,24
48,24
48,24
48,24
49,24
49,25
49,25
50,25
50,25
50,25
50,25
50,25
50,25
51,25
51,26
51,26
51,26
52,26
52,26
52,26
52,26
53,26
53,26
53,26
53,26
54,26
54,26
54,26
54,26
54,26
54,26
54,26
54,27
54,28
54,28
54,28
54,28
54,28
55,28
56,28
57,28
57,28
57,28
57,28
57,28
58,28
58,28
58,28
58,28
58,28
58,29
58,29
58,29
58,29
58,29
58,29
58,30
59,30
60,30
61,30
61,30
61,31
61,31
62,31
62,31
62,32
63,32
63,32
64,32
64,32
64,33
64,34
64,35
64,35
64,35
64,36
64,36
64,36
64,36
64,36
64,36
64,36
64,36
65,36
65,36
65,36
65,37
65,38
65,38
66,38
66,38
67,38
67,38
67,38
67,38
68,38
69,38
69,38
69,38
69,38
69,38
69,39
69,39
69,39
70,39
70,39
70,39
70,39
71,39
72,39
72,39
73,39
73,39
73,39
73,39
73,39
73,39
74,39
74,40
74,40
74,40
74,40
74,40
75,40
75,41
75,41
75,41
75,42
75,42
75,42
75,42
75,42
76,42
76,42
77,42
77,43
77,43
77,43
78,43
78,43
78,43
79,43
80,43
81,43
81,43
82,43
82,43
82,43
82,43
82,43
82,43
82,43
83,43
83,43
83,43
83,43
83,43
83,44
83,44
83,45
83,46
83,46
83,46
83,47
83,47
83,47
83,47
83,47
83,47
83,47
83,47
83,47
84,47
84,47
84,47
84,47
84,47
85,47
86,47
86,47
86,47
86,47
86,47
86,48
87,48
87,48
88,48
88,48
88,48
88,48
88,48
88,48
88,49
88,49
88,49
88,49
88,49
88,49
89,49
89,50
89,50
89,50
89,50
89,50
89,50
89,51
89,51
89,51
89,51
90,51
90,51
90,51
90,51
90,51
90,51
90,51
90,51
90,51
90,51
90,52
91,52
91,52
91,52
92,52
92,52
92,53
92,53
92,53
92,53
92,53
92,53
92,53
92,53
92,53
92,54
92,54
92,54
92,54
92,54
92,54
92,54
92,54
93,54
93,54
93,54
93,55
94,55
94,55
94,55
94,55
95,55
95,55
96,55
96,55
96,55
97,55
97,55
97,55
97,56
97,56
97,56
97,56
97,56
97,56
98,56
98,56
98,56
98,56
98,56
99,56
99,56
99,56
99,56
99,56
100,56
100,56
100,56
100,56
100,56
100,56
100,56
100,56
100,56
100,56
100,56
100,56
100,57
100,57
100,57
101,57
101,58
101,58
102,58
102,58
102,58
102,58
102,58
102,59
102,59
102,59
102,59
102,59
102,59
102,59
102,59
103,59
103,59
103,59
103,59
103,59
103,60
104,60
104,60
104,60
104,60
104,60
104,60
104,60
104,61
104,61
104,61
105,61
105,61
106,61
106,62
106,62
106,62
106,62
106,62
107,62
108,62
108,62
108,62
108,62
108,62
108,63
108,63
108,63
108,64
108,64
109,64
109,64
110,64
110,65
110,65
110,65
111,65
111,65
111,65
112,65
112,65
112,66
112,66
112,66
113,66
114,66
114,66
114,66
114,67
115,67
116,67
116,67
116,67
116,67
116,68
116,69
116,70
116,70
116,71
116,71
116,71
116,72
116,72
116,72
116,72
117,72
117,72
118,72
118,72
118,73
118,73
119,73
119,73
119,73
119,73
119,73
120,73
120,73
120,73
120,73
121,73
121,73
121,73
121,73
121,73
122,73
122,73
122,73
122,73
122,73
122,73
122,73
123,73
123,74
124,74
124,74
125,74
125,75
126,75
126,75
126,75
127,75
127,75
127,75
127,75
128,75
128,75
128,75
129,75
129,75
129,75
129,75
129,75
129,75
129,75
129,75
129,75
129,75
129,75
130,75
130,75
131,75
131,75
132,75
132,75
133,75
133,75
133,75
133,75
134,75
135,75
135,75
135,75
135,75
135,76
135,76
135,76
136,76
136,76
136,76
136,76
136,76
136,76
136,76
136,77
136,77
136,77
137,77
137,78
137,78
137,78
137,79
137,79
137,80
137,80
137,80
137,80
137,81
137,81
137,81
137,81
137,82
137,82
137,82
137,82
138,82
138,82
138,83
139,83
139,83
140,83
140,83
140,83
141,83
141,83
141,83
141,83
141,83
141,83
141,83
141,83
142,83
142,83
143,83
143,83
144,83
144,83
144,83
144,83
144,83
144,83
144,83
144,83
144,83
144,83
144,84
144,84
145,84
146,84
146,84
146,84
147,84
148,84
148,84
148,84
148,84
149,84
149,84
149,85
149,85
149,85
150,85
150,85
151,85
151,85
152,85
153,85
153,85
154,85
154,85
154,85
154,85
154,85
154,85
154,85
154,85
154,85
154,85
154,85
154,85
154,85
155,85
155,85
155,85
155,85
156,85
156,85
156,85
156,85
156,85
156,85
157,85
157,86
157,86
158,86
158,86
158,86
158,86
159,86
160,86
161,86
161,86
161,86
161,86
161,87
161,87
161,87
161,87
161,87
161,87
162,87
162,88
162,88
162,88
163,88
163,88
163,88
163,88
163,88
163,89
163,89
163,89
164,89
164,89
164,89
164,89
164,89
165,89
166,89
166,89
166,89
166,89
166,89
166,89
167,89
168,89
169,89
169,89
169,89
169,89
169,89
170,89
170,89
170,90
170,90
170,90
170,90
170,90
170,90
170,90
170,90
170,90
170,90
171,90
171,90
171,90
171,90
171,90
172,90
172,90
172,90
172,90
172,90
172,91
172,91
172,91
172,91
172,91
172,91
173,91
173,91
174,91
174,91
174,91
175,91
175,91
176,91
177,91
177,91
177,91
178,91
179,91
179,91
179,91
179,91
179,91
180,91
180,91
180,91
180,92
180,92
181,92
181,92
181,92
181,92
181,92
181,92
182,92
182,93
182,93
183,93
183,93
183,94
183,94
183,94
183,94
183,94
183,94
183,94
183,94
183,95
183,96
183,96
183,96
183,96
183,96
183,96
184,96
185,96
185,96
185,96
185,96
185,96
185,96
186,96
186,97
187,97
188,97
188,98
189,98
189,98
189,98
189,98
189,98
189,99
189,99
189,99
189,99
189,99
189,99
189,99
190,99
190,99
191,99
191,99
191,99
191,99
191,99
191,99
192,99
192,99
192,99
192,100
192,100
192,100
192,101
193,101
194,101
194,101
194,101
195,101
195,101
195,101
195,101
195,102
195,103
195,103
195,103
196,103
196,103
196,103
196,104
196,104
196,104
196,104
196,104
197,104
197,104
198,104
198,104
198,104
198,104
198,104
198,104
199,104
199,104
199,104
199,104
199,104
200,104
200,104
200,104
200,104
200,104
200,104
200,105
200,105
201,105
201,105
201,105
201,105
201,105
202,105
202,105
203,105
204,105
204,105
205,105
206,105
206,106
206,106
206,106
206,106
206,107
207,107
207,107
207,107
208,107
208,107
208,107
208,108
208,108
208,108
208,109
208,109
208,109
209,109
210,109
210,109
210,109
211,109
211,109
211,109
211,109
211,109
212,109
212,109
212,109
212,109
212,109
213,109
213,109
213,109
213,110
213,110
213,110
213,110
213,110
213,110
213,110
213,110
213,110
213,110
213,110
213,110
213,110
213,111
213,111
214,111
214,112
215,112
215,112
215,112
216,112
216,112
216,112
216,112
216,113
217,113
217,113
217,113
217,113
217,113
217,114
217,115
217,115
218,115
218,115
218,115
218,115
218,115
218,115
218,115
218,115
218,115
218,115
218,115
218,115
219,115
219,115
219,115
219,115
219,115
219,115
219,115
219,115
219,115
219,115
219,115
219,115
220,115
220,115
220,115
220,115
220,115
220,115
220,115
220,115
220,115
220,115
220,116
220,116
220,116
220,116
220,117
221,117
221,118
221,118
221,118
222,118
222,118
222,118
222,118
222,119
223,119
223,119
223,119
223,119
223,119
224,119
224,119
225,119
225,119
225,119
225,119
225,119
225,119
226,119
226,119
226,119
227,119
227,119
227,119
227,120
227,120
227,120
227,120
227,120
228,120
228,120
228,120
228,120
228,120
229,120
230,120
231,120
231,120
231,120
231,120
231,120
231,120
231,120
231,120
231,120
232,120
232,120
233,120
234,120
235,120
235,120
235,121
235,121
235,122
235,122
235,123
235,123
235,123
235,123
235,123
236,123
236,123
236,123
236,123
236,123
236,124
236,124
236,124
236,124
236,124
236,124
236,124
236,124
236,124
236,124
236,124
236,124
236,124
236,124
236,124
236,124
236,124
237,124
237,124
238,124
238,124
238,124
238,124
238,124
238,124
238,124
238,124
238,124
238,125
239,125
239,125
239,125
240,125
240,125
240,125
240,125
241,125
241,125
241,125
242,125
242,125
242,125
243,125
244,125
244,125
245,125
245,125
245,126
246,126
246,126
246,127
246,127
247,127
248,127
248,128
248,128
248,128
248,128
248,128
249,128
249,128
249,128
249,128
249,128
250,128
250,128
251,128
251,129
251,129
251,129
251,129
251,129
251,130
252,130
252,131
252,131
252,131
252,131
252,131
252,131
252,131
252,132
252,132
252,133
253,133
253,133
253,133
253,133
253,133
253,134
253,134
254,134
254,134
255,134
255,134
255,134
255,134
255,134
256,134
256,134
256,135
256,136
257,136
258,136
258,136
258,136
258,137
258,137
258,137
258,138
258,138
258,138
258,139
258,139
258,140
259,140
259,140
259,140
259,140
259,140
259,140
259,140
259,140
259,140
259,141
259,141
260,141
260,141
260,141
260,141
260,142
260,142
261,142
262,142
262,143
263,143
263,144
263,144
263,144
264,144
264,144
264,144
264,144
264,144
265,144
265,144
265,144
265,144
265,144
265,144
265,144
266,144
266,145
266,146
266,146
266,146
267,146
267,146
268,146
268,147
268,147
268,147
268,147
268,147
268,147
268,147
268,147
269,147
269,148
269,148
270,148
270,148
271,148
271,148
271,148
272,148
272,148
272,148
272,149
272,149
272,150
272,151
272,151
272,151
272,151
272,151
272,151
272,151
272,151
272,151
272,151
272,152
272,152
272,152
273,152
273,152
273,152
274,152
274,152
274,152
275,152
275,152
276,152
277,152
278,152
278,152
278,152
278,152
278,152
278,153
278,153
278,153
278,153
278,153
279,153
279,153
279,153
279,153
279,153
279,153
279,154
279,154
279,154
279,154
279,154
280,154
280,154
281,154
281,155
281,155
281,155
281,155
282,155
282,155
282,155
282,155
282,155
282,155
282,155
282,155
282,155
283,155
283,156
283,156
284,156
285,156
285,156
285,156
286,156
287,156
287,156
287,157
287,157
287,157
287,157
288,157
288,157
288,158
288,158
288,158
289,158
289,158
289,158
289,158
289,159
289,159
289,159
289,159
289,159
289,160
290,160
290,160
290,160
290,160
291,160
291,160
292,160
292,160
292,160
292,160
292,160
292,160
292,160
293,160
293,160
293,160
293,160
293,160
293,160
294,160
294,160
294,161
294,161
294,162
294,162
294,163
294,163
294,163
294,164
295,164
295,164
296,164
297,164
297,164
297,164
297,165
298,165
299,165
299,165
299,165
299,165
299,165
299,166
299,166
300,166
300,166
301,166
301,166
301,166
302,166
302,166
302,167
303,167
304,167
304,167
305,167
305,167
305,167
305,167
305,168
305,168
305,168
305,168
306,168
306,168
306,168
306,168
306,168
306,168
306,168
307,168
308,168
308,168
308,169
308,169
308,169
308,169
308,169
308,169
308,170
309,170
309,170
310,170
310,170
310,170
310,170
310,170
311,170
311,170
312,170
312,170
312,170
312,170
312,170
312,171
312,171
312,171
312,171
312,171
312,171
313,171
314,171
315,171
315,171
315,171
315,171
315,171
315,171
315,171
315,171
315,171
315,171
315,171
315,172
315,172
315,173
315,173
315,173
315,173
315,174
316,174
317,174
317,174
318,174
319,174
319,174
319,174
320,174
320,174
320,174
320,174
320,174
320,174
320,175
320,175
320,175
321,175
321,175
321,175
321,175
321,176
321,177
322,177
323,177
324,177
324,177
324,178
324,179
324,179
324,179
324,179
325,179
326,179
326,179
326,179
327,179
327,179
328,179
328,179
328,179
328,179
328,179
328,179
329,179
329,179
329,180
329,180
329,180
330,180
330,180
330,180
331,180
331,180
331,180
331,180
331,181
331,181
331,181
331,181
332,181
332,181
333,181
333,181
334,181
334,182
334,182
334,182
334,182
334,182
334,183
334,183
334,183
334,183
334,183
335,183
335,183
335,183
336,183
337,183
338,183
338,183
339,183
339,183
339,183
339,183
340,183
340,183
340,183
340,183
340,183
341,183
341,183
341,184
342,184
342,184
342,184
342,184
342,184
342,184
342,185
342,186
342,186
343,186
343,186
343,186
343,187
343,187
343,187
343,188
344,188
344,188
345,188
345,188
345,188
345,189
345,189
345,189
345,189
345,189
345,189
346,189
346,189
346,189
346,189
346,190
346,190
346,190
346,190
346,190
347,190
348,190
348,190
348,190
348,190
348,190
348,191
349,191
349,191
349,191
349,192
349,192
349,192
350,192
350,192
351,192
352,192
352,192
352,192
352,192
352,192
352,192
352,192
352,193
352,193
352,193
352,193
353,193
354,193
354,193
354,193
355,193
356,193
357,193
357,193
358,193
358,193
358,193
358,193
358,193
358,193
358,194
358,194
358,195
358,195
358,195
358,195
358,195
359,195
359,195
359,195
360,195
360,195
360,196
360,196
360,196
360,196
360,196
361,196
361,196
361,196
361,197
362,197
363,197
363,198
363,198
363,199
363,199
363,199
363,199
364,199
365,199
365,199
365,199
365,199
365,199
365,200
366,200
366,200
366,200
366,200
366,200
366,201
366,201
366,201
366,201
367,201
367,201
368,201
369,201
369,202
370,202
370,202
370,202
370,202
370,202
371,202
372,202
373,202
373,202
373,202
374,202
374,202
374,202
374,202
374,202
374,202
374,202
374,202
374,203
374,203
374,203
375,203
375,203
375,204
375,205
375,205
376,205
376,205
376,205
376,205
376,206
376,206
376,207
376,208
377,208
377,209
377,209
377,209
377,209
377,209
377,209
377,209
377,209
377,209
378,209
378,209
378,210
379,210
380,210
380,210
380,210
380,210
381,210
381,210
381,210
381,210
381,210
381,210
381,210
381,210
382,210
382,210
382,211
382,211
382,211
382,211
382,211
383,211
383,212
383,212
383,212
383,212
383,212
384,212
384,212
385,212
385,212
385,212
385,213
385,213
385,213
386,213
386,213
386,213
387,213
387,213
387,213
387,213
387,213
387,213
387,214
387,214
387,214
387,214
387,214
387,214
387,214
387,214
388,214
389,214
389,214
389,214
389,214
389,214
389,214
389,214
389,214
389,214
389,214
390,214
390,214
390,214
390,214
390,214
390,214
390,214
390,214
391,214
391,214
391,215
391,216
392,216
392,216
392,216
392,216
392,216
393,216
393,216
393,216
393,216
394,216
395,216
396,216
396,216
396,216
396,216
396,217
396,217
396,218
396,218
396,218
396,218
396,218
396,218
396,218
396,218
396,218
396,218
396,218
396,218
396,218
396,218
396,218
396,218
396,218
396,218
396,219
396,219
396,219
397,219
397,219
397,219
397,220
397,220
397,220
397,220
397,220
397,220
397,220
397,220
397,220
397,220
398,220
398,221
399,221
399,221
399,221
400,221
400,221
400,222
400,222
400,222
400,222
400,222
400,222
400,222
400,222
400,223
400,223
401,223
402,223
402,223
402,223
402,223
402,224
402,224
402,225
402,225
403,225
403,225
404,225
404,225
404,225
404,225
404,225
404,225
404,225
404,225
404,225
405,225
405,226
405,226
405,226
405,226
405,227
405,227
405,228
405,228
405,228
405,228
405,228
406,228
406,228
406,228
406,228
406,228
406,228
406,228
406,229
407,229
407,229
408,229
408,229
409,229
409,229
409,229
410,229
410,229
410,229
410,229
410,229
410,229
410,230
410,230
410,230
410,230
411,230
411,230
411,230
411,230
411,230
412,230
412,230
412,230
412,230
412,230
412,230
412,230
412,230
412,231
412,232
412,232
412,232
412,232
412,232
412,233
413,233
414,233
414,234
414,234
414,234
415,234
415,234
416,234
416,235
416,235
417,235
418,235
418,235
418,235
418,235
418,235
418,235
419,235
419,236
419,236
420,236
420,236
420,236
421,236
422,236
422,236
422,236
422,236
422,236
422,237
423,237
424,237
424,238
424,238
425,238
426,238
427,238
427,238
427,238
427,238
427,238
427,238
427,238
427,238
427,239
427,240
427,240
427,241
427,242
427,242
427,242
427,242
427,243
427,243
427,243
428,243
428,244
428,244
428,244
428,244
428,244
429,244
429,244
429,244
429,245
429,245
429,245
429,245
429,245
429,245
429,245
429,245
429,245
430,245
430,245
430,245
430,245
430,245
430,245
430,245
430,245
430,245
430,245
430,245
430,245
431,245
431,246
431,246
431,246
431,246
431,246
431,246
431,246
431,247
431,247
431,247
431,247
431,247
431,247
431,247
431,247
431,247
431,247
431,248
432,248
432,248
433,248
433,249
433,249
433,249
433,249
433,249
433,249
433,249
433,249
434,249
434,249
434,249
434,249
435,249
435,250
435,250
435,250
435,251
436,251
436,251
436,251
436,251
436,251
436,251
436,251
436,251
436,251
436,251
436,251
436,251
436,251
436,251
437,251
437,251
438,251
438,251
438,251
438,251
438,251
438,251
438,251
438,251
439,251
439,251
439,251
439,251
439,252
439,252
439,252
439,253
439,253
439,254
439,254
440,254
440,255
441,255
441,255
441,256
442,256
443,256
443,257
444,257
444,258
444,259
444,259
444,259
444,259
444,259
445,259
445,259
445,260
446,260
446,260
446,260
446,260
447,260
447,260
447,260
448,260
448,260
448,261
448,262
448,262
448,262
448,262
448,262
448,262
448,262
448,262
448,262
449,262
449,262
449,262
449,262
450,262
450,263
450,263
450,263
450,263
450,263
450,263
450,263
450,263
450,263
451,263
451,263
451,264
451,264
451,264
451,265
452,265
452,265
453,265
454,265
455,265
456,265
456,265
456,265
456,266
456,266
456,266
456,266
456,266
456,267
456,267
456,267
456,267
456,267
456,267
457,267
457,268
457,268
457,268
457,268
457,269
458,269
458,269
458,270
458,271
459,271
459,271
459,271
460,271
460,272
460,272
460,272
460,272
460,272
461,272
461,272
461,272
461,272
461,273
461,273
461,273
461,273
461,273
461,273
461,273
461,273
461,273
461,273
461,273
462,273
463,273
463,273
463,273
463,273
463,273
463,273
463,273
463,273
464,273
464,274
464,274
464,274
464,274
464,274
464,274
465,274
466,274
467,274
468,274
468,275
468,275
468,275
468,275
468,275
468,276
468,276
469,276
469,276
469,276
469,276
470,276
470,276
471,276
471,276
471,276
471,276
471,277
472,277
472,277
472,277
473,277
473,277
473,277
473,277
473,277
473,277
473,278
473,279
473,279
473,279
473,280
474,280
474,280
475,280
475,280
476,280
477,280
478,280
478,280
478,281
478,282
478,282
479,282
479,282
479,282
479,282
480,282
480,283
480,283
480,283
480,284
480,284
481,284
481,284
481,285
481,285
481,285
482,285
482,285
482,285
482,285
482,285
482,285
483,285
483,285
483,285
484,285
484,285
484,285
485,285
486,285
487,285
487,285
487,285
488,285
488,285
488,285
488,285
488,285
488,285
488,285
488,285
489,285
489,285
489,285
489,285
489,285
489,285
489,285
489,285
490,285
490,285
490,285
490,285
490,285
490,285
490,285
490,286
490,286
491,286
491,286
491,286
491,286
492,286
492,286
493,286
494,286
495,286
495,286
496,286
497,286
497,286
498,286
498,286
498,286
499,286
499,287
500,287
500,287
500,287
500,288
500,288
501,288
501,288
501,288
501,288
502,288
503,288
504,288
504,288
505,288
505,288
505,288
505,288
505,288
505,288
505,288
505,288
505,288
505,288
505,288
505,288
505,288
506,288
506,288
506,289
507,289
507,289
507,290
507,290
507,290
507,290
508,290
508,290
508,290
508,290
508,290
508,290
508,290
508,291
508,291
509,291
510,291
511,291
511,291
511,291
511,291
511,291
511,291
511,291
511,291
511,291
511,291
511,291
511,292
512,292
512,292
513,292
513,293
513,293
514,293
514,293
514,293
514,293
514,293
514,294
514,294
514,294
514,295
515,295
515,295
515,295
515,295
515,295
515,295
515,295
515,295
515,295
515,295
516,295
517,295
517,296
517,296
517,296
517,296
517,297
517,297
518,297
519,297
519,297
519,297
519,297
519,297
520,297
520,297
520,298
521,298
521,298
521,298
521,298
521,299
521,299
521,299
521,299
522,299
522,300
523,300
523,300
523,301
524,301
525,301
525,301
525,302
526,302
527,302
527,302
528,302
528,302
528,302
528,302
528,302
529,302
529,303
529,303
529,303
529,303
530,303
531,303
531,303
531,303
531,303
531,303
531,304
531,304
531,304
531,304
531,304
531,304
531,304
531,304
532,304
532,304
532,305
532,305
532,306
533,306
533,306
534,306
535,306
536,306
536,306
536,306
536,306
536,306
537,306
537,306
538,306
539,306
539,306
539,306
539,307
539,307
539,307
539,307
539,307
539,307
539,307
540,307
541,307
541,307
541,307
541,307
541,307
541,307
541,307
541,307
541,307
542,307
542,307
542,307
543,307
543,308
543,309
543,309
543,309
543,309
544,309
544,309
545,309
545,309
545,309
545,309
546,309
546,309
546,310
546,310
547,310
547,311
547,312
547,312
547,312
547,312
548,312
549,312
549,312
549,312
549,312
550,312
551,312
551,312
551,312
551,312
551,312
551,313
551,313
551,314
552,314
552,314
552,315
552,316
552,316
552,316
552,317
552,317
552,317
552,317
552,317
553,317
553,317
553,317
553,317
553,317
553,317
553,317
553,317
553,318
553,318
553,318
553,319
553,319
553,319
553,319
553,320
553,320
554,320
554,320
554,320
554,320
555,320
555,320
555,320
556,320
556,321
556,322
556,322
556,322
556,322
556,322
556,322
556,323
556,323
556,323
557,323
557,323
557,323
557,324
558,324
558,324
558,325
558,325
558,325
559,325
559,325
559,325
560,325
560,325
560,325
560,325
560,325
560,325
560,325
561,325
561,325
561,325
561,325
561,325
562,325
563,325
563,325
563,325
563,325
563,325
563,325
564,325
565,325
565,325
565,326
566,326
566,327
566,327
566,327
566,327
566,327
567,327
567,327
567,327
568,327
568,328
568,328
568,328
568,328
568,329
569,329
570,329
571,329
571,329
571,329
571,329
571,329
571,330
571,331
571,331
571,331
571,331
572,331
573,331
573,331
574,331
575,331
575,332
575,332
575,332
575,332
575,332
575,332
575,332
575,332
575,332
575,332
575,332
576,332
576,332
576,332
576,332
576,333
576,333
576,333
576,333
576,333
576,333
576,334
576,334
576,334
576,334
576,334
576,335
576,335
576,335
577,335
577,335
577,335
577,335
577,335
577,335
577,335
578,335
578,335
578,336
579,336
579,336
579,337
579,337
580,337
580,337
580,337
580,337
580,338
581,338
581,339
581,339
581,339
581,339
581,339
582,339
583,339
583,339
583,339
583,339
583,339
583,339
583,339
583,339
584,339
584,339
585,339
585,339
585,340
585,340
585,340
585,340
586,340
587,340
587,340
587,340
587,341
587,341
587,341
587,341
588,341
588,341
588,342
588,343
589,343
589,343
589,343
589,343
589,343
589,343
589,343
589,343
590,343
590,343
591,343
592,343
592,343
593,343
593,343
593,343
593,343
593,343
594,343
594,343
594,343
594,343
594,343
594,344
594,344
594,344
594,345
594,345
594,345
594,345
594,346
594,346
594,346
594,346
594,346
594,346
594,346
594,346
594,346
594,346
594,346
594,346
594,346
594,346
595,346
596,346
596,346
597,346
598,346
599,346
599,346
599,346
599,346
599,346
599,346
599,346
599,346
599,347
600,347
600,347
600,348
600,348
601,348
601,348
601,348
602,348
602,348
602,348
602,348
602,348
602,348
602,348
602,348
603,348
603,349
603,350
603,350
603,350
604,350
605,350
605,350
605,350
605,350
605,350
605,350
605,350
605,350
605,350
606,350
606,350
606,350
606,350
607,350
607,350
607,351
607,351
607,351
607,351
607,352
608,352
608,353
608,353
608,353
608,353
608,353
608,353
609,353
609,353
610,353
610,353
611,353
611,353
611,353
611,353
611,353
612,353
612,354
612,354
612,354
612,354
613,354
614,354
614,354
614,354
614,354
615,354
615,354
615,354
615,354
615,354
615,354
615,355
615,355
615,355
615,355
615,355
615,355
615,355
615,355
615,355
616,355
616,355
616,355
616,356
616,356
616,356
616,357
616,357
616,358
617,358
617,358
617,358
618,358
618,358
618,358
618,358
618,358
619,358
619,358
619,358
619,358
619,358
620,358
620,359
620,359
620,359
620,359
621,359
621,359
621,359
621,359
621,359
621,359
621,360
621,360
621,360
621,361
621,361
621,361
621,361
621,361
621,362
621,362
621,363
621,363
621,363
621,363
621,364
621,364
621,364
621,364
622,364
622,364
622,364
622,364
623,364
623,364
623,364
623,365
624,365
624,365
624,366
624,366
625,366
626,366
626,366
626,366
626,366
626,366
626,366
627,366
627,366
628,366
628,366
628,366
628,366
628,366
628,366
628,366
628,366
628,367
629,367
629,367
629,367
629,367
629,367
629,367
629,367
629,367
629,367
629,367
630,367
630,367
631,367
631,368
631,368
631,368
631,368
631,368
631,368
631,369
631,369
631,370
631,371
631,372
631,372
631,372
631,372
631,372
631,372
631,372
631,372
631,372
631,372
631,372
631,372
631,372
631,372
631,373
631,373
631,373
632,373
632,373
633,373
634,373
634,373
634,373
634,374
634,374
634,374
634,374
635,374
635,374
635,374
635,374
635,374
636,374
636,374
636,375
636,375
637,375
637,375
637,375
637,375
637,375
637,375
637,375
637,375
637,375
637,375
637,375
637,375
637,375
637,375
637,375
637,375
637,376
638,376
638,376
638,376
638,376
638,376
639,376
639,376
640,376
640,376
641,376
641,376
641,376
641,377
641,378
641,379
641,379
641,379
641,379
642,379
642,379
642,379
642,379
642,379
642,379
642,380
642,380
642,380
643,380
643,381
643,381
643,382
643,382
643,383
643,383
643,383
643,384
643,384
644,384
644,384
644,384
644,384
645,384
645,384
645,384
645,385
645,385
645,385
645,385
645,385
645,385
645,385
645,386
645,386
645,386
645,386
645,386
645,386
645,386
645,386
645,386
646,386
646,386
646,386
646,386
646,386
646,386
646,387
646,387
646,387
646,387
646,387
646,387
646,388
646,388
646,389
646,389
646,389
646,390
646,390
647,390
647,391
648,391
648,391
648,391
648,391
649,391
649,391
650,391
651,391
651,392
651,392
651,392
651,392
651,392
651,392
651,392
651,392
651,392
651,392
652,392
652,392
652,392
652,392
653,392
653,392
653,392
653,392
653,392
653,393
653,393
654,393
654,394
654,394
654,394
654,394
654,394
654,394
654,394
654,394
655,394
655,394
655,394
655,394
655,394
655,394
656,394
657,394
657,394
657,394
657,395
657,395
657,395
657,395
658,395
658,395
658,395
658,395
658,395
658,395
658,395
658,395
658,395
658,395
658,395
658,395
658,395
658,395
658,395
658,395
658,395
659,395
660,395
660,395
660,395
660,395
660,395
660,395
660,395
660,395
661,395
661,395
661,395
662,395
662,395
663,395
663,395
663,395
663,395
663,395
663,395
663,395
663,395
663,395
664,395
664,395
664,395
664,395
664,395
664,396
664,396
664,396
664,397
664,397
664,397
665,397
665,397
665,397
665,398
665,398
665,398
665,398
665,398
666,398
667,398
667,398
667,398
667,398
668,398
669,398
669,399
670,399
670,399
670,399
670,399
670,399
670,399
670,399
671,399
671,400
672,400
672,400
672,400
673,400
674,400
674,400
674,400
674,400
674,400
674,400
674,400
674,400
674,401
674,401
674,401
674,401
675,401
675,401
675,401
675,401
676,401
676,401
677,401
677,401
677,401
678,401
678,401
678,401
678,401
679,401
680,401
680,401
680,401
681,401
681,401
681,401
681,401
681,401
682,401
682,401
682,401
683,401
683,401
683,401
684,401
684,401
685,401
685,401
686,401
686,401
686,402
686,402
686,402
686,402
687,402
687,403
687,403
687,403
687,404
687,404
687,404
688,404
688,404
688,404
688,405
688,405
688,405
688,405
688,405
689,405
689,405
689,405
689,405
689,406
689,406
689,406
689,406
689,406
689,406
689,406
689,406
689,406
689,406
689,406
690,406
690,406
690,406
690,406
690,406
691,406
691,406
691,406
691,406
691,406
692,406
692,406
692,407
692,408
692,408
692,408
692,408
693,408
693,408
693,409
694,409
695,409
695,410
695,410
695,410
695,410
695,410
695,410
695,411
695,411
695,411
695,411
695,411
695,411
695,411
696,411
697,411
697,411
697,411
697,412
698,412
698,412
699,412
700,412
701,412
701,412
702,412
702,412
702,413
702,413
702,414
702,414
703,414
703,414
704,414
704,414
704,414
705,414
705,414
705,414
705,414
705,414
705,414
705,414
705,414
705,414
705,414
705,414
705,414
705,414
705,414
705,414
706,414
707,414
708,414
708,414
708,414
708,414
708,414
708,414
708,414
708,414
709,414
709,414
709,415
709,415
709,415
709,415
709,415
709,416
709,416
709,416
710,416
710,417
710,417
710,417
711,417
712,417
712,417
712,417
712,417
712,417
713,417
713,417
713,417
713,417
713,417
713,417
713,417
714,417
714,417
715,417
715,417
715,417
715,417
715,417
715,417
716,417
717,417
717,417
717,417
717,417
718,417
718,417
718,417
719,417
719,417
719,417
719,417
719,417
720,417
721,417
721,418
722,418
723,418
723,419
723,419
723,420
724,420
724,420
724,420
724,420
724,420
724,420
724,421
724,421
724,421
724,421
725,421
725,421
725,421
725,421
725,421
725,421
725,421
726,421
726,421
726,421
726,421
726,422
727,422
727,422
727,422
727,422
727,422
728,422
728,422
728,422
728,422
728,422
728,422
728,422
728,423
728,423
728,423
729,423
730,423
730,423
730,423
731,423
731,423
731,423
731,423
732,423
732,423
732,423
732,423
732,423
733,423
733,423
733,423
733,423
733,423
733,423
733,423
733,423
733,423
733,423
733,423
733,423
733,423
733,423
734,423
735,423
735,423
735,423
735,423
735,423
736,423
736,423
736,423
737,423
737,423
737,423
737,423
737,423
737,424
737,424
737,424
737,425
737,425
738,425
738,425
739,425
739,425
740,425
740,425
741,425
741,426
741,426
741,426
741,426
741,427
741,427
741,428
741,428
741,428
741,428
741,428
741,428
741,428
741,428
741,428
741,428
741,429
741,429
741,429
741,429
741,429
742,429
742,429
742,429
742,429
742,429
743,429
743,429
743,429
743,429
743,430
744,430
744,431
744,431
744,431
745,431
745,431
745,431
745,431
746,431
746,431
746,431
747,431
747,431
747,431
748,431
748,431
748,431
749,431
750,431
751,431
751,432
751,432
751,433
751,434
751,434
751,434
751,434
751,434
751,434
751,435
751,435
751,435
751,435
751,436
751,436
751,436
751,436
751,436
751,436
751,436
751,436
751,436
751,436
751,436
752,436
753,436
753,437
753,437
753,438
753,438
753,438
753,438
753,438
753,438
754,438
754,438
754,438
754,438
754,438
754,438
754,438
755,438
756,438
756,438
757,438
757,438
757,438
757,438
757,438
757,438
758,438
758,438
758,438
758,438
758,438
758,438
758,438
758,438
758,438
758,439
758,439
758,439
758,439
758,439
758,439
758,439
758,439
758,439
758,439
758,439
758,439
758,439
758,439
758,439
758,439
758,439
758,439
758,439
758,439
759,439
759,439
759,439
759,439
759,440
759,440
759,440
759,440
759,440
759,440
759,440
759,440
759,440
760,440
761,440
761,440
761,440
761,440
762,440
762,440
762,440
762,440
762,440
762,440
762,440
762,440
762,441
762,441
762,441
762,442
762,443
762,443
762,443
762,443
762,443
763,443
763,444
763,444
763,444
764,444
764,444
765,444
765,444
765,444
766,444
767,444
768,444
768,444
768,444
769,444
769,444
769,444
769,444
769,445
769,445
769,445
769,445
770,445
770,445
770,445
770,445
771,445
772,445
773,445
774,445
774,445
774,445
774,445
774,445
774,445
775,445
775,445
775,445
775,445
775,446
775,446
776,446
776,446
776,446
777,446
778,446
779,446
779,446
779,446
780,446
780,447
780,448
780,448
780,448
780,449
780,449
780,449
780,449
781,449
781,449
781,449
781,449
781,449
782,449
782,450
782,450
782,450
783,450
783,450
783,450
783,450
784,450
784,450
784,450
784,450
784,450
784,450
784,451
785,451
786,451
786,451
786,451
786,451
786,451
786,452
787,452
787,452
787,452
787,452
787,452
787,452
787,452
787,452
787,453
787,454
787,454
787,454
787,455
787,455
787,455
787,455
787,455
787,455
787,455
787,455
787,455
788,455
788,455
789,455
789,455
790,455
790,456
791,456
791,456
791,456
791,456
791,456
791,456
791,456
791,456
791,456
792,456
793,456
793,456
793,456
793,457
793,457
793,457
793,457
793,457
793,457
793,457
794,457
794,457
794,457
795,457
795,457
795,457
795,457
795,457
795,457
795,458
795,458
796,458
796,459
797,459
797,460
797,460
797,460
798,460
799,460
799,460
799,460
799,460
799,460
800,460
800,460
800,460
800,460
801,460
801,460
802,460
802,460
803,460
803,460
803,461
803,462
803,462
803,462
803,462
803,462
803,463
803,463
804,463
804,463
804,463
805,463
805,463
805,463
805,463
806,463
807,463
807,464
807,464
807,465
807,465
807,465
807,465
808,465
808,465
808,465
809,465
809,465
809,465
810,465
810,465
810,465
810,465
810,465
810,465
810,465
811,465
811,466
811,466
811,466
811,466
811,466
812,466
812,466
812,466
813,466
813,466
813,466
813,466
813,466
814,466
814,466
814,466
814,466
815,466
816,466
816,466
816,466
816,466
817,466
817,466
818,466
819,466
819,466
819,466
819,466
819,466
819,466
819,466
820,466
821,466
821,467
821,467
821,467
821,467
821,467
822,467
822,467
822,467
822,468
823,468
823,468
823,468
823,468
823,468
824,468
824,468
824,468
825,468
825,468
825,468
825,468
825,468
825,468
825,468
826,468
827,468
827,468
827,468
828,468
828,468
828,469
828,469
828,469
828,469
829,469
829,469
829,469
830,469
830,469
830,469
830,469
830,469
830,470
830,470
830,470
830,470
830,470
830,470
830,470
830,470
830,471
831,471
831,471
831,471
831,471
831,471
831,471
831,471
832,471
832,471
832,471
833,471
833,471
834,471
835,471
835,471
835,472
835,472
835,472
835,472
835,472
835,472
835,472
836,472
837,472
837,472
837,472
837,472
837,472
838,472
838,472
838,472
838,472
838,472
838,472
838,472
838,472
838,472
838,472
838,472
838,472
839,472
839,473
840,473
840,473
841,473
841,473
841,473
841,473
842,473
842,474
842,475
842,475
842,476
843,476
843,476
844,476
844,476
844,476
844,476
844,476
844,477
844,477
844,477
844,477
844,478
844,478
844,478
844,479
845,479
845,479
845,480
845,480
845,480
845,480
845,480
845,480
845,480
845,480
845,480
845,480
845,480
845,481
845,481
845,481
845,481
845,481
845,481
845,481
845,481
845,481
845,481
845,481
845,481
845,481
846,481
847,481
847,481
847,481
847,481
847,481
847,481
847,481
847,481
847,481
848,481
849,481
849,482
849,482
849,482
849,482
849,482
849,482
849,482
849,482
849,482
849,482
849,482
849,482
849,482
849,482
849,482
849,482
849,482
850,482
851,482
851,482
851,482
851,482
851,482
852,482
852,482
852,482
852,482
852,482
852,482
852,482
852,482
852,483
853,483
854,483
854,483
854,483
854,483
854,483
854,483
854,483
854,483
854,483
854,483
854,483
854,483
854,483
855,483
856,483
856,483
856,483
856,483
856,483
856,483
856,483
856,483
856,483
856,484
856,484
856,484
856,484
856,484
856,484
857,484
857,485
857,485
858,485
858,486
858,486
858,486
859,486
859,486
860,486
861,486
861,486
862,486
862,486
862,487
862,487
863,487
864,487
864,488
864,488
864,488
864,488
864,488
864,488
864,488
864,488
864,488
865,488
865,488
865,488
865,488
865,488
865,488
865,488
865,488
866,488
866,488
866,488
867,488
867,488
867,489
867,490
867,490
867,490
867,490
867,490
868,490
868,490
869,490
869,490
869,490
869,490
869,490
869,490
869,490
869,490
869,490
869,490
870,490
870,491
870,491
870,491
870,491
870,492
871,492
871,492
871,492
871,492
871,492
871,493
871,494
871,494
871,494
871,494
871,494
871,494
871,494
871,495
871,495
871,495
871,495
871,495
871,496
871,496
871,496
871,496
872,496
872,496
872,496
873,496
874,496
874,496
874,497
874,497
874,497
874,497
874,497
874,497
875,497
875,497
876,497
876,497
876,497
876,497
876,497
876,497
876,498
876,498
876,498
877,498
878,498
878,498
878,498
879,498
879,498
879,498
879,498
879,498
879,498
879,498
880,498
880,498
880,498
880,498
881,498
881,498
881,498
881,499
881,499
882,499
882,500
882,500
882,500
883,500
883,500
884,500
885,500
886,500
887,500
887,500
887,500
887,500
887,500
887,500
887,500
887,500
887,501
887,501
887,501
887,501
887,502
887,502
887,502
887,502
888,502
888,502
888,503
888,503
888,503
888,503
889,503
889,503
890,503
890,503
890,503
890,503
890,503
890,503
890,503
891,503
891,503
891,503
892,503
893,503
893,503
893,503
894,503
894,503
894,503
894,503
894,503
894,503
894,503
894,503
894,503
894,503
894,503
894,503
894,503
894,504
894,504
894,504
894,504
894,504
894,504
894,504
895,504
895,504
895,504
895,504
896,504
896,504
896,504
896,504
896,504
896,504
896,504
897,504
897,504
897,504
897,504
897,504
897,505
897,505
897,505
898,505
898,505
898,505
899,505
900,505
900,505
901,505
901,505
902,505
903,505
903,505
904,505
904,505
904,506
904,506
904,506
904,506
904,506
904,506
904,506
904,506
904,506
904,506
905,506
905,506
906,506
906,506
907,506
908,506
908,507
909,507
909,507
909,507
909,507
910,507
910,507
910,507
910,507
910,507
910,507
910,507
910,507
910,507
910,507
910,507
910,507
910,507
910,507
910,507
911,507
911,507
911,507
911,508
911,508
912,508
912,508
912,508
912,508
913,508
914,508
914,509
914,509
915,509
915,509
915,509
916,509
917,509
918,509
918,509
918,509
918,509
918,509
918,509
919,509
920,509
920,509
920,509
920,510
921,510
922,510
922,510
922,510
922,510
922,510
922,511
923,511
923,511
924,511
924,511
924,512
924,512
924,512
924,512
924,512
924,512
924,513
924,513
924,513
925,513
926,513
926,513
926,513
926,513
926,513
926,513
926,514
926,514
926,514
926,515
926,515
926,516
926,516
927,516
928,516
928,516
928,516
928,516
928,517
928,517
929,517
929,517
929,517
929,517
929,517
929,517
929,518
929,518
929,518
929,518
929,518
929,518
929,518
930,518
930,518
931,518
931,518
931,518
932,518
932,518
932,519
932,519
933,519
933,519
933,519
933,519
933,519
933,519
933,519
933,519
933,519
934,519
935,519
935,519
935,519
935,519
935,520
935,520
935,520
936,520
936,520
936,520
936,520
936,520
936,520
937,520
938,520
938,520
938,520
938,520
938,520
939,520
939,520
940,520
940,520
940,521
940,522
940,522
940,522
940,523
940,523
940,523
941,523
941,523
941,523
941,523
942,523
942,523
942,523
942,523
942,523
942,523
942,523
943,523
943,523
943,523
944,523
944,523
944,523
944,523
944,523
944,523
944,523
944,523
944,523
945,523
945,523
946,523
946,523
946,523
946,523
946,523
947,523
947,523
947,523
947,523
947,524
947,524
947,524
947,524
948,524
948,524
948,524
948,524
948,524
948,525
948,525
948,525
949,525
950,525
950,525
950,525
950,525
950,525
950,526
950,526
951,526
951,526
952,526
952,526
952,526
953,526
954,526
954,527
954,527
955,527
955,527
955,527
955,527
955,527
955,527
955,527
955,527
955,527
955,527
955,527
955,527
955,527
956,527
956,527
957,527
958,527
958,527
959,527
959,527
959,527
959,527
959,527
959,527
959,527
959,527
960,527
960,527
960,527
960,527
960,528
960,528
960,528
960,528
960,528
960,528
960,528
960,528
960,528
960,528
960,528
961,528
961,528
961,528
961,528
961,528
961,528
961,528
961,528
961,528
961,528
961,528
962,528
962,528
962,528
962,528
962,528
962,528
962,528
963,528
963,528
964,528
964,528
964,528
964,528
964,528
964,529
964,529
964,529
965,529
965,529
965,529
966,529
966,529
966,529
966,529
967,529
968,529
968,529
968,529
968,529
968,529
968,529
969,529
969,529
969,529
970,529
970,529
970,529
970,529
971,529
971,529
971,529
971,529
971,529
971,529
971,529
972,529
972,529
973,529
974,529
975,529
975,529
975,529
975,529
976,529
977,529
977,529
978,529
978,530
978,531
978,531
978,531
978,532
978,532
979,532
980,532
980,532
980,532
981,532
981,532
982,532
982,532
982,532
982,532
982,532
982,532
982,533
982,533
982,533
982,533
982,534
983,534
983,534
983,534
983,534
983,534
983,535
983,536
983,536
983,536
983,536
984,536
984,537
985,537
985,537
985,537
985,537
986,537
986,537
986,537
986,537
986,537
986,537
986,537
986,537
986,537
986,537
987,537
987,537
987,537
988,537
988,537
988,538
988,538
988,538
988,538
989,538
989,538
989,538
990,538
991,538
991,538
992,538
993,538
994,538
994,538
994,538
995,538
995,539
995,539
996,539
996,539
996,540
996,541
996,541
997,541
997,541
997,541
998,541
999,541
999,541
1000,541
1001,541
1001,541
1001,541
1002,541
